{
  "images" : [
    {
      "idiom" : "iphone",
      "filename" : "btnTapPlay_ip.png",
      "scale" : "1x"
    },
    {
      "idiom" : "iphone",
      "subtype" : "retina4",
      "scale" : "1x"
    },
    {
      "idiom" : "iphone",
      "filename" : "btnTapPlay_ip@2x.png",
      "scale" : "2x"
    },
    {
      "idiom" : "iphone",
      "filename" : "btnTapPlay_ip_i4@2x.png",
      "subtype" : "retina4",
      "scale" : "2x"
    },
    {
      "idiom" : "iphone",
      "filename" : "btnTapPlay_ip@3x.png",
      "scale" : "3x"
    },
    {
      "idiom" : "iphone",
      "subtype" : "retina4",
      "scale" : "3x"
    },
    {
      "idiom" : "ipad",
      "filename" : "btnTapPlay_ipad.png",
      "scale" : "1x"
    },
    {
      "idiom" : "ipad",
      "filename" : "btnTapPlay_ipad@2x.png",
      "scale" : "2x"
    }
  ],
  "info" : {
    "version" : 1,
    "author" : "xcode"
  }
}