{
  "images" : [
    {
      "idiom" : "iphone",
      "filename" : "btnfreezeoff.png",
      "scale" : "1x"
    },
    {
      "idiom" : "iphone",
      "subtype" : "retina4",
      "scale" : "1x"
    },
    {
      "idiom" : "iphone",
      "filename" : "btnfreezeoff@2x.png",
      "scale" : "2x"
    },
    {
      "idiom" : "iphone",
      "filename" : "btnfreezeoff_i4@2x.png",
      "subtype" : "retina4",
      "scale" : "2x"
    },
    {
      "idiom" : "iphone",
      "filename" : "btnfreezeoff@3x.png",
      "scale" : "3x"
    },
    {
      "idiom" : "iphone",
      "subtype" : "retina4",
      "scale" : "3x"
    },
    {
      "idiom" : "ipad",
      "filename" : "btnfreeze_Ipad.png",
      "scale" : "1x"
    },
    {
      "idiom" : "ipad",
      "filename" : "btnfreeze_Ipad@2x.png",
      "scale" : "2x"
    }
  ],
  "info" : {
    "version" : 1,
    "author" : "xcode"
  }
}