{
  "images" : [
    {
      "idiom" : "iphone",
      "filename" : "btnfreeze.png",
      "scale" : "1x"
    },
    {
      "idiom" : "iphone",
      "subtype" : "retina4",
      "scale" : "1x"
    },
    {
      "idiom" : "iphone",
      "filename" : "btnfreeze@2x.png",
      "scale" : "2x"
    },
    {
      "idiom" : "iphone",
      "filename" : "btnfreeze_i4@2x.png",
      "subtype" : "retina4",
      "scale" : "2x"
    },
    {
      "idiom" : "iphone",
      "filename" : "btnfreeze@3x.png",
      "scale" : "3x"
    },
    {
      "idiom" : "iphone",
      "subtype" : "retina4",
      "scale" : "3x"
    },
    {
      "idiom" : "ipad",
      "filename" : "btnfreeze_Ac_ipad.png",
      "scale" : "1x"
    },
    {
      "idiom" : "ipad",
      "filename" : "btnfreeze_Ac_ipad@2x.png",
      "scale" : "2x"
    }
  ],
  "info" : {
    "version" : 1,
    "author" : "xcode"
  }
}