{
  "images" : [
    {
      "idiom" : "iphone",
      "filename" : "btnMoreTime.png",
      "scale" : "1x"
    },
    {
      "idiom" : "iphone",
      "subtype" : "retina4",
      "scale" : "1x"
    },
    {
      "idiom" : "iphone",
      "filename" : "btnMoreTime@2x.png",
      "scale" : "2x"
    },
    {
      "idiom" : "iphone",
      "filename" : "btnMoreTime_i4@2x.png",
      "subtype" : "retina4",
      "scale" : "2x"
    },
    {
      "idiom" : "iphone",
      "filename" : "btnMoreTime@3x.png",
      "scale" : "3x"
    },
    {
      "idiom" : "iphone",
      "subtype" : "retina4",
      "scale" : "3x"
    },
    {
      "idiom" : "ipad",
      "filename" : "btnMoreTime_ac_ipad.png",
      "scale" : "1x"
    },
    {
      "idiom" : "ipad",
      "filename" : "btnMoreTime_ac_ipad@2x.png",
      "scale" : "2x"
    }
  ],
  "info" : {
    "version" : 1,
    "author" : "xcode"
  }
}