{
  "images" : [
    {
      "idiom" : "iphone",
      "filename" : "start_base.png",
      "scale" : "1x"
    },
    {
      "idiom" : "iphone",
      "subtype" : "retina4",
      "scale" : "1x"
    },
    {
      "idiom" : "iphone",
      "filename" : "start_base@2x.png",
      "scale" : "2x"
    },
    {
      "idiom" : "iphone",
      "filename" : "start_base_i4@2x.png",
      "subtype" : "retina4",
      "scale" : "2x"
    },
    {
      "idiom" : "iphone",
      "filename" : "start_base@3x.png",
      "scale" : "3x"
    },
    {
      "idiom" : "iphone",
      "subtype" : "retina4",
      "scale" : "3x"
    },
    {
      "idiom" : "ipad",
      "filename" : "start_base_ipad.png",
      "scale" : "1x"
    },
    {
      "idiom" : "ipad",
      "filename" : "start_base_ipad@2x.png",
      "scale" : "2x"
    }
  ],
  "info" : {
    "version" : 1,
    "author" : "xcode"
  }
}